年度,鄉鎮市區,SHP村里名,回溯母里,未匹配原因,母里在111SHP
1993,三重區,(空白),,SHP 名稱空白(NaN),—
1993,三重區,五順里,,沿革表未載此里(多為目標年後新設),是
1993,三重區,仁華里,,沿革表未載此里(多為目標年後新設),是
1993,三重區,福樂里,,沿革表未載此里(多為目標年後新設),是
1993,三重區,立德里,,沿革表未載此里(多為目標年後新設),是
1993,五股區,成泰里,,沿革表未載此里(多為目標年後新設),是
1993,土城區,中正里,,沿革表未載此里(多為目標年後新設),是
1993,土城區,金城里,,沿革表未載此里(多為目標年後新設),是
1993,新莊區,中平里,,沿革表未載此里(多為目標年後新設),是
1993,新莊區,光正里,,沿革表未載此里(多為目標年後新設),是
1993,新莊區,富民里,,沿革表未載此里(多為目標年後新設),是
1993,新莊區,昌信里,,沿革表未載此里(多為目標年後新設),是
1993,新莊區,昌隆里,,沿革表未載此里(多為目標年後新設),是
1993,新莊區,民全里,,沿革表未載此里(多為目標年後新設),是
1993,新莊區,民有里,,沿革表未載此里(多為目標年後新設),是
1993,新莊區,泰豐里,,沿革表未載此里(多為目標年後新設),是
1993,新莊區,立廷里,,沿革表未載此里(多為目標年後新設),是
1993,新莊區,龍福里,,沿革表未載此里(多為目標年後新設),是
1993,板橋區,堂春里,,沿革表未載此里(多為目標年後新設),是
1993,板橋區,大觀里,,沿革表未載此里(多為目標年後新設),是
1993,板橋區,成和里,,沿革表未載此里(多為目標年後新設),是
1993,板橋區,歡園里,,沿革表未載此里(多為目標年後新設),是
1993,林口區,(空白),,SHP 名稱空白(NaN),—
1993,永和區,(空白),,SHP 名稱空白(NaN),—
1993,永和區,保順里,,沿革表未載此里(多為目標年後新設),是
1993,永和區,民富里,,沿革表未載此里(多為目標年後新設),是
1993,永和區,永樂里,,沿革表未載此里(多為目標年後新設),是
1993,永和區,秀元里,,沿革表未載此里(多為目標年後新設),是
1993,汐止區,城中里,,沿革表未載此里(多為目標年後新設),是
1993,汐止區,山光里,,沿革表未載此里(多為目標年後新設),是
1993,汐止區,崇德里,,沿革表未載此里(多為目標年後新設),是
1993,汐止區,忠山里,,沿革表未載此里(多為目標年後新設),是
1993,汐止區,東勢里,,沿革表未載此里(多為目標年後新設),是
1993,汐止區,湖蓮里,,沿革表未載此里(多為目標年後新設),是
1993,汐止區,環河里,,沿革表未載此里(多為目標年後新設),是
1993,汐止區,福安里,,沿革表未載此里(多為目標年後新設),是
1993,汐止區,秀山里,,沿革表未載此里(多為目標年後新設),是
1993,汐止區,興福里,,沿革表未載此里(多為目標年後新設),是
1993,汐止區,金龍里,社后,已回溯母里，但 Excel 仍無資料,否
1993,汐止區,長青里,,沿革表未載此里(多為目標年後新設),是
1993,泰山區,全興里,,沿革表未載此里(多為目標年後新設),是
1993,泰山區,福興里,,沿革表未載此里(多為目標年後新設),是
1993,淡水區,(空白),,SHP 名稱空白(NaN),—
1993,深坑區,賴仲里,,沿革表未載此里(多為目標年後新設),是
1993,瑞芳區,(空白),,SHP 名稱空白(NaN),—
1993,瑞芳區,(空白),,SHP 名稱空白(NaN),—
1993,瑞芳區,(空白),,SHP 名稱空白(NaN),—
1993,石門區,(空白),,SHP 名稱空白(NaN),—
1993,石門區,(空白),,SHP 名稱空白(NaN),—
1993,萬里區,(空白),,SHP 名稱空白(NaN),—
1993,萬里區,(空白),,SHP 名稱空白(NaN),—
1993,萬里區,(空白),,SHP 名稱空白(NaN),—
1993,萬里區,(空白),,SHP 名稱空白(NaN),—
1993,蘆洲區,(空白),,SHP 名稱空白(NaN),—
1993,蘆洲區,延平里,,資料缺漏(當年已設里卻缺列，維持未知),是
1993,蘆洲區,忠孝里,,沿革表未載此里(多為目標年後新設),是
1993,蘆洲區,民和里,,沿革表未載此里(多為目標年後新設),是
1993,蘆洲區,永安里,,沿革表未載此里(多為目標年後新設),是
1993,蘆洲區,福安里,,沿革表未載此里(多為目標年後新設),是
1993,蘆洲區,長安里,,沿革表未載此里(多為目標年後新設),是
1993,貢寮區,(空白),,SHP 名稱空白(NaN),—
1993,貢寮區,(空白),,SHP 名稱空白(NaN),—
1993,金山區,(空白),,SHP 名稱空白(NaN),—
1997,三重區,(空白),,SHP 名稱空白(NaN),—
1997,三重區,五順里,,沿革表未載此里(多為目標年後新設),是
1997,三重區,仁華里,,沿革表未載此里(多為目標年後新設),是
1997,三重區,福樂里,,沿革表未載此里(多為目標年後新設),是
1997,五股區,成泰里,,沿革表未載此里(多為目標年後新設),是
1997,土城區,中正里,,沿革表未載此里(多為目標年後新設),是
1997,土城區,金城里,,沿革表未載此里(多為目標年後新設),是
1997,新莊區,中平里,,沿革表未載此里(多為目標年後新設),是
1997,新莊區,光和里,,資料缺漏(當年已設里卻缺列，維持未知),是
1997,新莊區,光正里,,沿革表未載此里(多為目標年後新設),是
1997,新莊區,富民里,,沿革表未載此里(多為目標年後新設),是
1997,新莊區,後德里,,資料缺漏(當年已設里卻缺列，維持未知),是
1997,新莊區,昌信里,,沿革表未載此里(多為目標年後新設),是
1997,新莊區,昌隆里,,沿革表未載此里(多為目標年後新設),是
1997,新莊區,民全里,,沿革表未載此里(多為目標年後新設),是
1997,新莊區,民有里,,沿革表未載此里(多為目標年後新設),是
1997,新莊區,泰豐里,,沿革表未載此里(多為目標年後新設),是
1997,新莊區,立廷里,,沿革表未載此里(多為目標年後新設),是
1997,新莊區,龍福里,,沿革表未載此里(多為目標年後新設),是
1997,林口區,(空白),,SHP 名稱空白(NaN),—
1997,永和區,(空白),,SHP 名稱空白(NaN),—
1997,永和區,保順里,,沿革表未載此里(多為目標年後新設),是
1997,永和區,民富里,,沿革表未載此里(多為目標年後新設),是
1997,永和區,永樂里,,沿革表未載此里(多為目標年後新設),是
1997,永和區,秀元里,,沿革表未載此里(多為目標年後新設),是
1997,汐止區,城中里,,沿革表未載此里(多為目標年後新設),是
1997,汐止區,山光里,,沿革表未載此里(多為目標年後新設),是
1997,汐止區,崇德里,,沿革表未載此里(多為目標年後新設),是
1997,汐止區,康福里,,資料缺漏(當年已設里卻缺列，維持未知),是
1997,汐止區,忠山里,,沿革表未載此里(多為目標年後新設),是
1997,汐止區,東勢里,,沿革表未載此里(多為目標年後新設),是
1997,汐止區,湖蓮里,,沿革表未載此里(多為目標年後新設),是
1997,汐止區,環河里,,沿革表未載此里(多為目標年後新設),是
1997,汐止區,福安里,,沿革表未載此里(多為目標年後新設),是
1997,汐止區,福德里,,資料缺漏(當年已設里卻缺列，維持未知),是
1997,汐止區,秀山里,,沿革表未載此里(多為目標年後新設),是
1997,汐止區,興福里,,沿革表未載此里(多為目標年後新設),是
1997,汐止區,金龍里,社后,已回溯母里，但 Excel 仍無資料,否
1997,汐止區,長青里,,沿革表未載此里(多為目標年後新設),是
1997,泰山區,全興里,,沿革表未載此里(多為目標年後新設),是
1997,泰山區,福興里,,沿革表未載此里(多為目標年後新設),是
1997,淡水區,(空白),,SHP 名稱空白(NaN),—
1997,深坑區,賴仲里,,沿革表未載此里(多為目標年後新設),是
1997,瑞芳區,(空白),,SHP 名稱空白(NaN),—
1997,瑞芳區,(空白),,SHP 名稱空白(NaN),—
1997,瑞芳區,(空白),,SHP 名稱空白(NaN),—
1997,石門區,(空白),,SHP 名稱空白(NaN),—
1997,石門區,(空白),,SHP 名稱空白(NaN),—
1997,萬里區,(空白),,SHP 名稱空白(NaN),—
1997,萬里區,(空白),,SHP 名稱空白(NaN),—
1997,萬里區,(空白),,SHP 名稱空白(NaN),—
1997,萬里區,(空白),,SHP 名稱空白(NaN),—
1997,蘆洲區,(空白),,SHP 名稱空白(NaN),—
1997,貢寮區,(空白),,SHP 名稱空白(NaN),—
1997,貢寮區,(空白),,SHP 名稱空白(NaN),—
1997,金山區,(空白),,SHP 名稱空白(NaN),—
